{
	"format_version": "1.12.0",
	"minecraft:geometry": [
		{
			"description": {
				"identifier": "geometry.enamorus",
				"texture_width": 128,
				"texture_height": 128,
				"visible_bounds_width": 5,
				"visible_bounds_height": 4.5,
				"visible_bounds_offset": [0, 1.75, 0]
			},
			"bones": [
				{
					"name": "enamorus",
					"pivot": [0, 7, 0]
				},
				{
					"name": "body",
					"parent": "enamorus",
					"pivot": [0, 29, 0]
				},
				{
					"name": "cloud",
					"parent": "body",
					"pivot": [0, 6.12, 0],
					"cubes": [
						{"origin": [-7.5, 14.87, -7.35], "size": [15, 9, 15], "uv": [0, 0]},
						{"origin": [-7.5, 14.87, -7.35], "size": [15, 9, 15], "inflate": 0.2, "uv": [68, 104]},
						{"origin": [-7.5, 14.87, -7.35], "size": [15, 9, 15], "inflate": 0.4, "uv": [8, 104]}
					]
				},
				{
					"name": "cloud_tail",
					"parent": "cloud",
					"pivot": [0, 14.884, 5.02781],
					"cubes": [
						{"origin": [0, 13.384, 3.52781], "size": [0, 3, 5], "pivot": [0, 12.384, 6.02781], "rotation": [30, 0, 0], "uv": [60, 16]},
						{"origin": [0, 11.384, 4.02781], "size": [0, 2, 4], "pivot": [0, 12.384, 6.02781], "rotation": [30, 0, 0], "uv": [64, 45]},
						{"origin": [0, 8.384, 4.52781], "size": [0, 3, 3], "pivot": [0, 12.384, 6.02781], "rotation": [30, 0, 0], "uv": [44, 65]}
					]
				},
				{
					"name": "torso",
					"parent": "body",
					"pivot": [0, 24.5, 0.15],
					"cubes": [
						{"origin": [-2.5, 22.25, -2.35], "size": [5, 8, 5], "uv": [90, 37]}
					]
				},
				{
					"name": "chest",
					"parent": "torso",
					"pivot": [0, 30, 0.25],
					"cubes": [
						{"origin": [-3, 29.75, -2.85], "size": [6, 8, 6], "uv": [0, 24]}
					]
				},
				{
					"name": "sneak",
					"parent": "chest",
					"pivot": [-32.5, 19.5, 8.15],
					"cubes": [
						{"origin": [4.53881, 33.41825, -0.61282], "size": [2, 4, 3], "pivot": [1.42436, 34.62763, 0.67589], "rotation": [90.12384, 25.21829, 4.27805], "uv": [60, 53]},
						{"origin": [4.58368, 31.67342, -0.74658], "size": [2, 5, 3], "pivot": [1.42436, 34.62763, 0.67589], "rotation": [78.9427, 84.9923, -9.50462], "uv": [48, 24]},
						{"origin": [6.58368, 36.67342, -1.99658], "size": [2, 5, 3], "pivot": [3.42436, 34.62763, -0.57411], "rotation": [-87.20864, 69.89325, -175.86701], "uv": [30, 48]},
						{"origin": [-5.46333, 32.7398, -1.70097], "size": [2, 5, 3], "pivot": [-4.46333, 35.2398, -0.20097], "rotation": [-96.25075, 12.4344, -177.3888], "uv": [0, 49]},
						{"origin": [-5.21333, 32.9898, 0.04903], "size": [2, 5, 3], "pivot": [-4.21333, 35.4898, -0.95097], "rotation": [-96.25075, 12.4344, -177.3888], "uv": [0, 57]},
						{"origin": [-4.37021, 35.3163, 1.69006], "size": [2, 5, 3], "pivot": [-3.37021, 37.8163, 2.69006], "rotation": [-97.22537, -32.28694, -172.16359], "uv": [10, 57]},
						{"origin": [-4.50762, 33.08239, 1.90271], "size": [2, 5, 3], "pivot": [-3.50762, 35.58239, 3.40271], "rotation": [-97.94583, -39.72164, -170.9406], "uv": [10, 49]},
						{"origin": [-0.77365, 33.51666, 3.21158], "size": [2, 5, 3], "pivot": [0.22635, 36.01666, 4.71158], "rotation": [80.47327, -86.31963, 3.94077], "uv": [40, 53]},
						{"origin": [2.94246, 34.00405, 1.39506], "size": [2, 5, 3], "pivot": [3.94246, 36.50405, 2.89506], "rotation": [89.18889, -41.36741, -5.0306], "uv": [50, 53]},
						{"origin": [3.84785, 34.39921, -1.84269], "size": [2, 5, 3], "pivot": [4.84785, 36.89921, -0.84269], "rotation": [84.46518, 11.13952, -5.35405], "uv": [54, 45]},
						{"origin": [1.84556, 34.53964, -4.22562], "size": [2, 5, 3], "pivot": [2.59556, 37.03964, -3.22562], "rotation": [66.29906, 72.83347, -22.20375], "uv": [20, 56]},
						{"origin": [2.34556, 39.53964, -5.47562], "size": [2, 5, 3], "pivot": [3.09556, 37.03964, -4.47562], "rotation": [-62.00605, 76.47932, -149.65433], "uv": [30, 56]}
					]
				},
				{
					"name": "cloud2",
					"parent": "sneak",
					"pivot": [6.57158, 34.68418, -0.41378],
					"cubes": [
						{"origin": [3.96072, 32.22003, -1.64214], "size": [2, 5, 3], "pivot": [1.42436, 34.62763, 0.42589], "rotation": [86.39344, -20.70006, -4.54761], "uv": [20, 48]}
					]
				},
				{
					"name": "cloud3",
					"parent": "cloud2",
					"pivot": [4.66995, 34.17927, 4.16324],
					"cubes": [
						{"origin": [4.3211, 30.67955, -1.39107], "size": [2, 5, 3], "pivot": [1.42436, 34.62763, 0.42589], "rotation": [72.93676, -61.23886, 9.2956], "uv": [44, 45]}
					]
				},
				{
					"name": "cloud4",
					"parent": "cloud3",
					"pivot": [0.22519, 34.35769, 6.25874],
					"cubes": [
						{"origin": [-5.35521, 32.5243, 5.33292], "size": [2, 4, 2], "pivot": [-4.35521, 30.5243, 6.58292], "rotation": [35.96664, -73.04306, 20.27444], "uv": [20, 64]}
					]
				},
				{
					"name": "cloud5",
					"parent": "cloud4",
					"pivot": [-2.66396, 32.24551, 7.2798],
					"cubes": [
						{"origin": [-5.10521, 28.5243, 5.58292], "size": [2, 4, 2], "pivot": [-4.10521, 30.5243, 6.83292], "rotation": [39.11045, -64.62669, 11.21675], "uv": [50, 61]}
					]
				},
				{
					"name": "cloud6",
					"parent": "cloud5",
					"pivot": [-5.4464, 29.73241, 8.42097],
					"cubes": [
						{"origin": [-10.85, 28.25, 8.25], "size": [2, 3, 2], "pivot": [-9.75, 24.25, 9.4], "rotation": [37.94553, -62.98455, 6.94356], "uv": [58, 64]}
					]
				},
				{
					"name": "cloud7",
					"parent": "cloud6",
					"pivot": [-7.18293, 27.40323, 8.06562],
					"cubes": [
						{"origin": [-7.68, 24.6, 7.4], "size": [1, 3, 1], "pivot": [-7.25, 24.1, 7.9], "rotation": [-5.03694, -50.55161, 4.54586], "uv": [20, 42]}
					]
				},
				{
					"name": "cloud8",
					"parent": "cloud7",
					"pivot": [-7, 24.82, 7.65],
					"cubes": [
						{"origin": [-7.5, 21.85, 7.15], "size": [1, 3, 1], "pivot": [-7, 24.35, 7.65], "rotation": [-26.93845, -3.73171, -17.10967], "uv": [20, 38]}
					]
				},
				{
					"name": "cloud9",
					"parent": "sneak",
					"pivot": [-2.59615, 38.37473, 5.11814],
					"cubes": [
						{"origin": [-1.02365, 33.76666, 5.46158], "size": [2, 5, 3], "pivot": [-0.02365, 36.26666, 4.46158], "rotation": [-66.04445, -88.50064, 150.48506], "uv": [58, 24]}
					]
				},
				{
					"name": "cloud10",
					"parent": "cloud9",
					"pivot": [2.07569, 39.24083, 5.38304],
					"cubes": [
						{"origin": [-1.27365, 38.76666, 5.96158], "size": [2, 5, 3], "pivot": [-0.27365, 36.26666, 4.96158], "rotation": [86.84957, -78.85383, -2.47556], "uv": [60, 0]}
					]
				},
				{
					"name": "cloud11",
					"parent": "cloud10",
					"pivot": [6.97752, 39.72693, 4.41793],
					"cubes": [
						{"origin": [7.29602, 36.72932, 1.05262], "size": [2, 5, 3], "pivot": [8.29602, 39.22932, 2.05262], "rotation": [89.11782, -46.36686, -4.92816], "uv": [58, 32]}
					]
				},
				{
					"name": "cloud12",
					"parent": "cloud11",
					"pivot": [10.55345, 40.35191, 0.95312],
					"cubes": [
						{"origin": [9.64446, 37.36686, -2.64716], "size": [2, 5, 3], "pivot": [10.64446, 39.86686, -1.64716], "rotation": [80.06337, -21.49495, -6.95432], "uv": [60, 8]}
					]
				},
				{
					"name": "cloud13",
					"parent": "cloud12",
					"pivot": [11.75331, 41.60614, -3.32269],
					"cubes": [
						{"origin": [9.3277, 38.14185, -9.31583], "size": [5, 6, 5], "pivot": [11.8277, 41.64185, -6.81583], "rotation": [86.27807, -8.74516, -2.47775], "uv": [0, 38]}
					]
				},
				{
					"name": "arms",
					"parent": "chest",
					"pivot": [0, 33, 0],
					"rotation": [90, 0, 0]
				},
				{
					"name": "arm_right",
					"parent": "arms",
					"pivot": [3.29167, 33.70833, 0.29167],
					"cubes": [
						{"origin": [3, 32.25, -0.75], "size": [3, 2, 2], "uv": [40, 61]}
					]
				},
				{
					"name": "arm_right2",
					"parent": "arm_right",
					"pivot": [6, 33.25, 1.25],
					"cubes": [
						{"origin": [6, 32.25, -0.75], "size": [2, 2, 2], "uv": [8, 65]}
					]
				},
				{
					"name": "arm_right3",
					"parent": "arm_right2",
					"pivot": [8, 33.25, 0.25],
					"cubes": [
						{"origin": [8, 32.25, -0.75], "size": [5, 2, 2], "uv": [44, 41]}
					]
				},
				{
					"name": "arm_right4",
					"parent": "arm_right3",
					"pivot": [13, 33.25, 0.25],
					"cubes": [
						{"origin": [13, 31.75, -0.75], "size": [3, 3, 2], "inflate": 0.01, "uv": [58, 40]}
					]
				},
				{
					"name": "fingers_right",
					"parent": "arm_right4",
					"pivot": [14.875, 32.9375, 0.3125]
				},
				{
					"name": "fingers_right2",
					"parent": "fingers_right",
					"pivot": [15, 34.75, 0.25],
					"cubes": [
						{"origin": [14.5, 34.75, -0.75], "size": [1, 1, 1], "uv": [70, 16]}
					]
				},
				{
					"name": "fingers_right2_1",
					"parent": "fingers_right2",
					"pivot": [15, 35.75, 0.25],
					"cubes": [
						{"origin": [14.5, 35.75, -0.75], "size": [1, 2, 1], "uv": [62, 69]}
					]
				},
				{
					"name": "fingers_right3",
					"parent": "fingers_right",
					"pivot": [16, 33.25, 1],
					"cubes": [
						{"origin": [15.5, 32.75, 0], "size": [2, 1, 1], "uv": [2, 71]}
					]
				},
				{
					"name": "fingers_right3_1",
					"parent": "fingers_right3",
					"pivot": [17.5, 33.25, 1],
					"cubes": [
						{"origin": [17.5, 32.75, 0], "size": [2, 1, 1], "uv": [70, 29]}
					]
				},
				{
					"name": "fingers_right4",
					"parent": "fingers_right",
					"pivot": [16, 32.25, 1],
					"cubes": [
						{"origin": [15.5, 31.75, 0], "size": [2, 1, 1], "uv": [70, 44]}
					]
				},
				{
					"name": "fingers_right4_1",
					"parent": "fingers_right4",
					"pivot": [17.5, 32.25, 1],
					"cubes": [
						{"origin": [17.5, 31.75, 0], "size": [2, 1, 1], "uv": [70, 26]}
					]
				},
				{
					"name": "fingers_right5",
					"parent": "fingers_right",
					"pivot": [16, 34.25, 1],
					"cubes": [
						{"origin": [15.5, 33.75, 0], "size": [2, 1, 1], "uv": [8, 71]}
					]
				},
				{
					"name": "fingers_right5_1",
					"parent": "fingers_right5",
					"pivot": [17.5, 34.25, 1],
					"cubes": [
						{"origin": [17.5, 33.75, 0], "size": [2, 1, 1], "uv": [70, 32]}
					]
				},
				{
					"name": "arm_left",
					"parent": "arms",
					"pivot": [-3.29167, 33.70833, 0.29167],
					"cubes": [
						{"origin": [-6, 32.25, -0.75], "size": [3, 2, 2], "uv": [40, 61], "mirror": true}
					]
				},
				{
					"name": "arm_left2",
					"parent": "arm_left",
					"pivot": [-6, 33.25, 1.25],
					"cubes": [
						{"origin": [-8, 32.25, -0.75], "size": [2, 2, 2], "uv": [8, 65], "mirror": true}
					]
				},
				{
					"name": "arm_left3",
					"parent": "arm_left2",
					"pivot": [-8, 33.25, 0.25],
					"cubes": [
						{"origin": [-13, 32.25, -0.75], "size": [5, 2, 2], "uv": [44, 41], "mirror": true}
					]
				},
				{
					"name": "arm_left4",
					"parent": "arm_left3",
					"pivot": [-13, 33.25, 0.25],
					"cubes": [
						{"origin": [-16, 31.75, -0.75], "size": [3, 3, 2], "inflate": 0.01, "uv": [58, 40], "mirror": true}
					]
				},
				{
					"name": "fingers_left",
					"parent": "arm_left4",
					"pivot": [-14.875, 32.9375, 0.3125]
				},
				{
					"name": "fingers_left2",
					"parent": "fingers_left",
					"pivot": [-15, 34.75, 0.25],
					"cubes": [
						{"origin": [-15.5, 34.75, -0.75], "size": [1, 1, 1], "uv": [70, 16], "mirror": true}
					]
				},
				{
					"name": "fingers_left2_1",
					"parent": "fingers_left2",
					"pivot": [-15, 35.75, 0.25],
					"cubes": [
						{"origin": [-15.5, 35.75, -0.75], "size": [1, 2, 1], "uv": [62, 69], "mirror": true}
					]
				},
				{
					"name": "fingers_left3",
					"parent": "fingers_left",
					"pivot": [-16, 33.25, 1],
					"cubes": [
						{"origin": [-17.5, 32.75, 0], "size": [2, 1, 1], "uv": [2, 71], "mirror": true}
					]
				},
				{
					"name": "fingers_left3_1",
					"parent": "fingers_left3",
					"pivot": [-17.5, 33.25, 1],
					"cubes": [
						{"origin": [-19.5, 32.75, 0], "size": [2, 1, 1], "uv": [70, 29], "mirror": true}
					]
				},
				{
					"name": "fingers_left4",
					"parent": "fingers_left",
					"pivot": [-16, 32.25, 1],
					"cubes": [
						{"origin": [-17.5, 31.75, 0], "size": [2, 1, 1], "uv": [70, 44], "mirror": true}
					]
				},
				{
					"name": "fingers_left4_1",
					"parent": "fingers_left4",
					"pivot": [-17.5, 32.25, 1],
					"cubes": [
						{"origin": [-19.5, 31.75, 0], "size": [2, 1, 1], "uv": [70, 26], "mirror": true}
					]
				},
				{
					"name": "fingers_left5",
					"parent": "fingers_left",
					"pivot": [-16, 34.25, 1],
					"cubes": [
						{"origin": [-17.5, 33.75, 0], "size": [2, 1, 1], "uv": [8, 71], "mirror": true}
					]
				},
				{
					"name": "fingers_left5_1",
					"parent": "fingers_left5",
					"pivot": [-17.5, 34.25, 1],
					"cubes": [
						{"origin": [-19.5, 33.75, 0], "size": [2, 1, 1], "uv": [70, 32], "mirror": true}
					]
				},
				{
					"name": "neck",
					"parent": "chest",
					"pivot": [0, 37.52, 0.25],
					"cubes": [
						{"origin": [-1, 36, -0.75], "size": [2, 4, 2], "uv": [28, 64]}
					]
				},
				{
					"name": "head",
					"parent": "neck",
					"pivot": [0, 39, 0.5],
					"cubes": [
						{"origin": [-3, 39, -2.75], "size": [6, 7, 6], "inflate": -0.01, "uv": [24, 24]},
						{"origin": [0.98, 39.7, -2.75], "size": [1, 1, 0], "uv": [38, 64]},
						{"origin": [-0.5, 40.995, -2.77], "size": [1, 1, 1], "inflate": 0.01, "uv": [43, 74]},
						{"origin": [-0.77, 39.38, -3.09], "size": [1, 1, 1], "inflate": -0.301, "pivot": [-0.27, 39.88, -2.59], "rotation": [0, 0, 30.5], "uv": [48, 74]},
						{"origin": [-0.23, 39.38, -3.09], "size": [1, 1, 1], "inflate": -0.301, "pivot": [0.27, 39.88, -2.59], "rotation": [0, 0, -30.5], "uv": [48, 74], "mirror": true},
						{"origin": [-0.5, 39.3, -3.09], "size": [1, 1, 1], "inflate": -0.3, "uv": [48, 74]},
						{"origin": [-1.98, 39.7, -2.75], "size": [1, 1, 0], "uv": [38, 64], "mirror": true},
						{"origin": [-0.5, 39.08, -2.77], "size": [1, 1, 0], "uv": [70, 15]},
						{"origin": [0.07, 39.57, -2.77], "size": [1, 1, 0], "pivot": [0.57, 40.07, -2.77], "rotation": [0, 0, -54], "uv": [70, 15], "mirror": true},
						{"origin": [-1.07, 39.57, -2.77], "size": [1, 1, 0], "pivot": [-0.57, 40.07, -2.77], "rotation": [0, 0, 54], "uv": [70, 15]},
						{"origin": [-1, 39.37, -2.76], "size": [2, 1, 0], "uv": [70, 14]},
						{"origin": [-1, 44.25, -4.25], "size": [0, 1, 2], "pivot": [-1, 44.75, -3.25], "rotation": [-32.59907, 4.21541, -2.69136], "uv": [70, 1]},
						{"origin": [1, 44.25, -4.25], "size": [0, 1, 2], "pivot": [1, 44.75, -3.25], "rotation": [-32.59907, -4.21541, 2.69136], "uv": [70, 4]},
						{"origin": [-1.88713, 44.93468, -4.12116], "size": [0, 2, 3], "pivot": [-1.88713, 45.93468, -2.62116], "rotation": [-43.18528, 9.18229, -8.51814], "uv": [70, 6]},
						{"origin": [1.88713, 44.93468, -4.12116], "size": [0, 2, 3], "pivot": [1.88713, 45.93468, -2.62116], "rotation": [-43.18528, -9.18229, 8.51814], "uv": [70, 8]}
					]
				},
				{
					"name": "eyes",
					"parent": "head",
					"pivot": [1.51, 7.53, 0.08]
				},
				{
					"name": "eye_right",
					"parent": "eyes",
					"pivot": [1.51, 7.53, 0.08],
					"cubes": [
						{"origin": [2, 42, -2.75], "size": [1, 2, 1], "inflate": -0.009, "uv": [86, 3]},
						{"origin": [1.03, 41, -2.75], "size": [1, 2, 1], "inflate": -0.009, "uv": [86, 6]},
						{"origin": [0.46, 41, -2.75], "size": [1, 1, 1], "inflate": -0.008, "uv": [86, 1]},
						{"origin": [0.49, 41.76, -2.77], "size": [1, 1, 1], "uv": [32, 75]},
						{"origin": [0.3297, 42.70337, -2.76], "size": [3, 1, 1], "inflate": 0.05, "pivot": [1.51892, 42.7791, -2.745], "rotation": [0, 0, -44], "uv": [69, -1]},
						{"origin": [1.99, 41.76, -2.74], "size": [1, 1, 1], "inflate": 0.002, "uv": [32, 77]},
						{"origin": [1.01, 40.23, -2.701], "size": [1, 1, 1], "inflate": 0.05, "uv": [43, 74]}
					]
				},
				{
					"name": "eye_right2",
					"parent": "eye_right",
					"pivot": [1.56984, 42.58007, -2.76],
					"cubes": [
						{"origin": [1.06827, 41.56014, -3.1], "size": [1, 2, 1], "inflate": -0.3, "pivot": [1.56984, 42.58007, -2.72], "rotation": [0, 0, 6.5], "uv": [22, 73]},
						{"origin": [1.07141, 41.60001, -2.88], "size": [1, 2, 1], "inflate": -0.1, "pivot": [1.56984, 42.58007, -2.76], "rotation": [0, 0, 6.5], "uv": [36, 71]}
					]
				},
				{
					"name": "eye_right_lid",
					"parent": "eye_right",
					"pivot": [-0.04, 7, 0.08],
					"cubes": [
						{"origin": [1.95, 41.76, -2.66], "size": [1, 1, 1], "inflate": 0.012, "uv": [96, 8]},
						{"origin": [0.45, 41.76, -2.69], "size": [1, 1, 1], "inflate": 0.01, "uv": [96, 11]},
						{"origin": [0.42, 41, -2.67], "size": [1, 1, 1], "uv": [96, 0]},
						{"origin": [0.99, 41, -2.67], "size": [1, 2, 1], "inflate": 0.001, "uv": [96, 5]},
						{"origin": [1.96, 42, -2.67], "size": [1, 2, 1], "uv": [96, 2]}
					]
				},
				{
					"name": "eye_left",
					"parent": "eyes",
					"pivot": [-1.51, 7.53, 0.08],
					"cubes": [
						{"origin": [-3, 42, -2.75], "size": [1, 2, 1], "inflate": -0.009, "uv": [86, 3], "mirror": true},
						{"origin": [-2.03, 41, -2.75], "size": [1, 2, 1], "inflate": -0.009, "uv": [86, 6], "mirror": true},
						{"origin": [-1.46, 41, -2.75], "size": [1, 1, 1], "inflate": -0.008, "uv": [86, 1], "mirror": true},
						{"origin": [-1.49, 41.76, -2.77], "size": [1, 1, 1], "uv": [32, 75], "mirror": true},
						{"origin": [-3.3297, 42.70337, -2.76], "size": [3, 1, 1], "inflate": 0.05, "pivot": [-1.51892, 42.7791, -2.745], "rotation": [0, 0, 44], "uv": [69, -1], "mirror": true},
						{"origin": [-2.99, 41.76, -2.74], "size": [1, 1, 1], "inflate": 0.002, "uv": [32, 77], "mirror": true},
						{"origin": [-2.01, 40.23, -2.701], "size": [1, 1, 1], "inflate": 0.05, "uv": [43, 74], "mirror": true}
					]
				},
				{
					"name": "eye_left2",
					"parent": "eye_left",
					"pivot": [-1.56984, 42.58007, -2.76],
					"cubes": [
						{"origin": [-2.06827, 41.56014, -3.1], "size": [1, 2, 1], "inflate": -0.3, "pivot": [-1.56984, 42.58007, -2.72], "rotation": [0, 0, -6.5], "uv": [22, 73], "mirror": true},
						{"origin": [-2.07141, 41.60001, -2.88], "size": [1, 2, 1], "inflate": -0.1, "pivot": [-1.56984, 42.58007, -2.76], "rotation": [0, 0, -6.5], "uv": [36, 71], "mirror": true}
					]
				},
				{
					"name": "eye_left_lid",
					"parent": "eye_left",
					"pivot": [0.04, 7, 0.08],
					"cubes": [
						{"origin": [-2.95, 41.76, -2.66], "size": [1, 1, 1], "inflate": 0.012, "uv": [96, 8], "mirror": true},
						{"origin": [-1.45, 41.76, -2.69], "size": [1, 1, 1], "inflate": 0.01, "uv": [96, 11], "mirror": true},
						{"origin": [-1.42, 41, -2.67], "size": [1, 1, 1], "uv": [96, 0], "mirror": true},
						{"origin": [-1.99, 41, -2.67], "size": [1, 2, 1], "inflate": 0.001, "uv": [96, 5], "mirror": true},
						{"origin": [-2.96, 42, -2.67], "size": [1, 2, 1], "uv": [96, 2], "mirror": true}
					]
				},
				{
					"name": "hair",
					"parent": "head",
					"pivot": [0, 45.69436, 2.31082],
					"cubes": [
						{"origin": [-1, 44.62524, 1.64443], "size": [2, 2, 2], "pivot": [-0.73166, 46.74356, 2.70215], "rotation": [-17.5, 0, 0], "uv": [36, 65]}
					]
				},
				{
					"name": "hair2",
					"parent": "hair",
					"pivot": [0, 45.94399, 2.83938],
					"cubes": [
						{"origin": [3.85602, 45.35077, 4.06229], "size": [1, 2, 0], "pivot": [2.92076, 49.99369, 4.0989], "rotation": [-13.57875, 11.14485, 43.66901], "uv": [56, 70]},
						{"origin": [-4.85602, 45.35077, 4.06229], "size": [1, 2, 0], "pivot": [-2.92076, 49.99369, 4.0989], "rotation": [-13.57875, -11.14485, -43.66901], "uv": [56, 70], "mirror": true},
						{"origin": [-4.63319, 47.2074, 4.06229], "size": [1, 2, 0], "pivot": [-2.92076, 49.99369, 4.0989], "rotation": [-14.48174, -9.93191, -38.73499], "uv": [70, 55], "mirror": true},
						{"origin": [3.63319, 47.2074, 4.06229], "size": [1, 2, 0], "pivot": [2.92076, 49.99369, 4.0989], "rotation": [-14.48174, 9.93191, 38.73499], "uv": [70, 55]},
						{"origin": [3.46848, 48.94466, 4.06936], "size": [1, 2, 0], "pivot": [2.92076, 49.99369, 4.0989], "rotation": [-15.9477, 7.30111, 28.97594], "uv": [54, 70]},
						{"origin": [-4.46848, 48.94466, 4.06936], "size": [1, 2, 0], "pivot": [-2.92076, 49.99369, 4.0989], "rotation": [-15.9477, -7.30111, -28.97594], "uv": [54, 70], "mirror": true},
						{"origin": [3.76067, 50.05685, 4.07323], "size": [1, 2, 0], "pivot": [2.92076, 49.99369, 4.0989], "rotation": [-17.43745, -1.50179, 0.23032], "uv": [70, 53]},
						{"origin": [-5.53528, 50.98655, 4.08127], "size": [1, 2, 0], "pivot": [-2.92076, 49.99369, 4.0989], "rotation": [-14.89149, 9.29798, 26.28223], "uv": [52, 70], "mirror": true},
						{"origin": [-4.76067, 50.05685, 4.07323], "size": [1, 2, 0], "pivot": [-2.92076, 49.99369, 4.0989], "rotation": [-17.43745, 1.50179, -0.23032], "uv": [70, 53], "mirror": true},
						{"origin": [-1.8, 52.7, 5.2], "size": [1, 2, 0], "pivot": [-1.38368, 53.59085, 5.40951], "rotation": [9.61518, 14.6914, 118.7424], "uv": [50, 70], "mirror": true},
						{"origin": [-6.85, 50.6, 4.1], "size": [1, 2, 0], "pivot": [-2.92076, 49.99369, 4.0989], "rotation": [-5.41615, 16.66577, 66.70612], "uv": [70, 51], "mirror": true},
						{"origin": [-2, 50.2, 4.62121], "size": [1, 2, 0], "pivot": [-1.00176, 51.83052, 4.63432], "rotation": [17.48436, 0.75155, 172.61557], "uv": [34, 70], "mirror": true},
						{"origin": [-1.89, 51.30914, 4.64742], "size": [1, 2, 0], "pivot": [-1.00176, 51.83052, 4.63432], "rotation": [12.02501, -12.80911, -138.8547], "uv": [32, 70], "mirror": true},
						{"origin": [0.89, 51.30914, 4.64742], "size": [1, 2, 0], "pivot": [1.00176, 51.83052, 4.63432], "rotation": [12.02501, 12.80911, 138.8547], "uv": [32, 70]},
						{"origin": [5.85, 50.6, 4.1], "size": [1, 2, 0], "pivot": [2.92076, 49.99369, 4.0989], "rotation": [-5.41615, -16.66577, -66.70612], "uv": [70, 51]},
						{"origin": [0.8, 52.7, 5.2], "size": [1, 2, 0], "pivot": [1.38368, 53.59085, 5.40951], "rotation": [9.61518, -14.6914, -118.7424], "uv": [50, 70]},
						{"origin": [4.53528, 50.98655, 4.08127], "size": [1, 2, 0], "pivot": [2.92076, 49.99369, 4.0989], "rotation": [-14.89149, -9.29798, -26.28223], "uv": [52, 70]},
						{"origin": [1, 50.2, 4.62121], "size": [1, 2, 0], "pivot": [1.00176, 51.83052, 4.63432], "rotation": [17.48436, -0.75155, -172.61557], "uv": [34, 70]}
					]
				},
				{
					"name": "ear_right",
					"parent": "head",
					"pivot": [2.9, 41.45, 0.75],
					"cubes": [
						{"origin": [2.4, 40.45, 0.75], "size": [2, 4, 0], "pivot": [3.9, 42.45, 0.75], "rotation": [0, 0, 40], "uv": [16, 65]}
					]
				},
				{
					"name": "ear_left",
					"parent": "head",
					"pivot": [-2.51698, 41.77139, 0.75],
					"cubes": [
						{"origin": [-4.4, 40.45, 0.75], "size": [2, 4, 0], "pivot": [-3.9, 42.45, 0.75], "rotation": [0, 0, -40], "uv": [16, 65], "mirror": true}
					]
				}
			]
		}
	]
}