{
	"format_version": "1.12.0",
	"minecraft:geometry": [
		{
			"description": {
				"identifier": "geometry.arcanine",
				"texture_width": 256,
				"texture_height": 128,
				"visible_bounds_width": 8,
				"visible_bounds_height": 5.5,
				"visible_bounds_offset": [0, 2.25, 0]
			},
			"bones": [
				{
					"name": "arcanine",
					"pivot": [0, 0, 0]
				},
				{
					"name": "locator_root",
					"parent": "arcanine",
					"pivot": [0, 0, 0],
					"locators": {
						"root": [0, 0, 0]
					}
				},
				{
					"name": "locator_top",
					"parent": "arcanine",
					"pivot": [0, 38.5, 0],
					"locators": {
						"top": [0, 38.525, -0.575]
					}
				},
				{
					"name": "body",
					"parent": "arcanine",
					"pivot": [0, -1, 0]
				},
				{
					"name": "locator_target",
					"parent": "body",
					"pivot": [0, 20, -23.75],
					"locators": {
						"target": [0, 20, -23.75]
					}
				},
				{
					"name": "locator_middle",
					"parent": "body",
					"pivot": [0, 15, 1],
					"locators": {
						"middle": [0, 15, 1]
					}
				},
				{
					"name": "waist",
					"parent": "body",
					"pivot": [0, 0, 0]
				},
				{
					"name": "torso",
					"parent": "waist",
					"pivot": [0.5, 16, 7],
					"cubes": [
						{"origin": [-5.5, 10, -4], "size": [11, 11, 15], "uv": [39, 16]}
					]
				},
				{
					"name": "locator_seat_1",
					"parent": "torso",
					"pivot": [0, 21, 1],
					"locators": {
						"seat_1": [0, 21, 2]
					}
				},
				{
					"name": "upper_torso",
					"parent": "torso",
					"pivot": [0.5, 21, -1],
					"cubes": [
						{"origin": [-6.5, 9, -14], "size": [13, 13, 13], "uv": [0, 31]}
					]
				},
				{
					"name": "neck",
					"parent": "upper_torso",
					"pivot": [0, 21.25, -7.5],
					"rotation": [32.5, 0, 0],
					"cubes": [
						{"origin": [-4.5, 17.25, -13.75], "size": [9, 12, 8], "uv": [82, 7]}
					]
				},
				{
					"name": "head",
					"parent": "neck",
					"pivot": [0, 29.5, -7.75],
					"rotation": [-32.5, 0, 0],
					"cubes": [
						{"origin": [-5, 25, -13], "size": [10, 9, 9], "uv": [59, 67]},
						{"origin": [4, 25.125, -9], "size": [2, 4, 4], "pivot": [5, 27.125, -7], "rotation": [0, -5, 5], "uv": [21, 70]},
						{"origin": [4.5, 25.05, -11.75], "size": [1, 3, 3], "pivot": [4.5, 27.05, -9.75], "rotation": [0, 5, 5], "uv": [15, 75]},
						{"origin": [-5.5, 24.95, -11.75], "size": [1, 3, 3], "pivot": [-5.5, 26.95, -9.75], "rotation": [0, -5, -5], "uv": [15, 75], "mirror": true},
						{"origin": [-6, 25.125, -9], "size": [2, 4, 4], "pivot": [-5, 27.125, -7], "rotation": [0.87059, 5.075, -4.88569], "uv": [21, 70], "mirror": true},
						{"origin": [-5.36866, 32.10342, -13.35], "size": [4, 2, 4], "pivot": [-3.75, 32.4576, -13.27815], "rotation": [0, 0, 15], "uv": [41, 72], "mirror": true},
						{"origin": [1.36866, 32.10342, -13.35], "size": [4, 2, 4], "pivot": [3.75, 32.4576, -13.27815], "rotation": [0, 0, -15], "uv": [41, 72]},
						{"origin": [-4, 27.25, -16.75], "size": [8, 3, 4], "uv": [79, 0]},
						{"origin": [-3.5, 25.75, -13.02], "size": [7, 3, 0], "inflate": -0.01, "uv": [103, 37]},
						{"origin": [-1, 29.25, -16.75], "size": [2, 1, 1], "inflate": 0.01, "uv": [0, 3]},
						{"origin": [-3.5, 23.75211, -12.52495], "size": [7, 12, 11], "pivot": [0, 0, 0], "rotation": [0.8, 0, 0], "uv": [23, 67]},
						{"origin": [-3.5, 16.575, -12.05972], "size": [7, 18, 11], "inflate": -0.01, "pivot": [0, 32.95479, -4.1546], "rotation": [25, 0, 0], "uv": [136, 6]},
						{"origin": [0, 28.75211, -8.52495], "size": [0, 12, 3], "uv": [76, 16]},
						{"origin": [7, 28.75211, -15.5], "size": [0, 12, 3], "pivot": [0, 31.20216, -14.0301], "rotation": [0, -90, 0], "uv": [76, 16]},
						{"origin": [-3.80494, 26.73965, -8.71776], "size": [0, 12, 3], "pivot": [-3.51379, 33.97043, -7.24786], "rotation": [82.49999, -85, -89.99999], "uv": [76, 16]},
						{"origin": [-3.51379, 26.73965, -9.03386], "size": [0, 12, 3], "pivot": [-3.51379, 33.97043, -7.24786], "rotation": [4.95744, 0.65182, -7.47178], "uv": [76, 16]},
						{"origin": [3.48621, 26.73965, -9.00891], "size": [0, 12, 3], "pivot": [3.48621, 34.1897, -7.53901], "rotation": [82.49999, 85, 89.99999], "uv": [76, 16], "mirror": true},
						{"origin": [3.48621, 25.73965, -9.03386], "size": [0, 12, 3], "pivot": [3.48621, 34.1897, -7.53901], "rotation": [4.95744, -0.65182, 7.47178], "uv": [76, 16], "mirror": true}
					]
				},
				{
					"name": "head_fluff_top",
					"parent": "head",
					"pivot": [0, 30.75211, -7.02495],
					"rotation": [7.5, 0, 0]
				},
				{
					"name": "head_fluff_top2",
					"parent": "head_fluff_top",
					"pivot": [1.5, 32.62979, -3.5546],
					"rotation": [8, -17.5, 0],
					"cubes": [
						{"origin": [0.07955, 28.03283, -1.28111], "size": [3, 4, 4], "inflate": -0.01, "pivot": [1.75, 32.62979, -3.9046], "rotation": [12.5, 0, 0], "uv": [20, 70]},
						{"origin": [0.57955, 23.96888, -0.51399], "size": [3, 4, 4], "inflate": -0.01, "pivot": [2.25, 32.62979, -4.1046], "rotation": [5, 0, 0], "uv": [20, 70]},
						{"origin": [1.07955, 20.75299, 1.13066], "size": [3, 4, 4], "inflate": -0.01, "pivot": [2.75, 32.50479, -4.4296], "rotation": [-5, 0, 0], "uv": [20, 70]},
						{"origin": [-0.67045, 30.88539, -1.42483], "size": [3, 4, 4], "inflate": -0.01, "pivot": [1, 31.90479, -3.1046], "rotation": [34.25, 0, 0], "uv": [20, 70]}
					]
				},
				{
					"name": "locator_mouth",
					"parent": "head",
					"pivot": [0, 27, -13.25],
					"locators": {
						"mouth": [0, 27, -13.25],
						"special": [0, 27, -13.25],
						"physical": [0, 27, -13.25]
					}
				},
				{
					"name": "locator_jaw_upper",
					"parent": "head",
					"pivot": [0, 27.25, -16.05],
					"rotation": [-90, 0, 0],
					"locators": {
						"jaw1": [0, 27.25, -16.05]
					}
				},
				{
					"name": "locator_face",
					"parent": "head",
					"pivot": [0, 30.3, -16.65],
					"locators": {
						"face": [0, 30.3, -16.65]
					}
				},
				{
					"name": "locator_item_face",
					"parent": "head",
					"pivot": [0, 31.5, -13],
					"locators": {
						"item_face": [0, 31.5, -13]
					}
				},
				{
					"name": "locator_item_hat",
					"parent": "head",
					"pivot": [0, 36, -7.5],
					"locators": {
						"item_hat": [0, 36, -7.5]
					}
				},
				{
					"name": "locator_head",
					"parent": "head",
					"pivot": [0, 34, -9.75],
					"locators": {
						"head": [0, 34, -9.75]
					}
				},
				{
					"name": "eyes",
					"parent": "head",
					"pivot": [0, 30.7076, -12.02815]
				},
				{
					"name": "eye_left",
					"parent": "eyes",
					"pivot": [2, 31.4576, -12.52815],
					"cubes": [
						{"origin": [2, 30.5, -13], "size": [3, 2, 2], "inflate": 0.01, "uv": [93, 104]},
						{"origin": [2.5, 31, -13.01], "size": [1, 1, 0], "inflate": 0.01, "uv": [10, 8]}
					]
				},
				{
					"name": "locator_eye_left",
					"parent": "eye_left",
					"pivot": [3, 31.5, -13],
					"locators": {
						"eye2": [3, 31.5, -13]
					}
				},
				{
					"name": "eye_right",
					"parent": "eyes",
					"pivot": [-3.25, 31.5, -12.505],
					"cubes": [
						{"origin": [-5, 30.5, -13], "size": [3, 2, 2], "inflate": 0.01, "uv": [98, 52]},
						{"origin": [-3.5, 31, -13.01], "size": [1, 1, 0], "inflate": 0.01, "uv": [10, 6]}
					]
				},
				{
					"name": "locator_eye_right",
					"parent": "eye_right",
					"pivot": [-3, 31.5, -13],
					"locators": {
						"eye1": [-3, 31.5, -13]
					}
				},
				{
					"name": "eyelid_left",
					"parent": "eyes",
					"pivot": [3.4, 31.5, -11.9],
					"cubes": [
						{"origin": [1.9, 30.5, -12.9], "size": [3, 2, 2], "inflate": 0.01, "uv": [162, 0]}
					]
				},
				{
					"name": "eyelid_right",
					"parent": "eyes",
					"pivot": [-3.4, 31.5, -11.9],
					"cubes": [
						{"origin": [-4.9, 30.5, -12.9], "size": [3, 2, 2], "inflate": 0.01, "uv": [162, 4], "mirror": true}
					]
				},
				{
					"name": "eye_left_shocked",
					"parent": "eyes",
					"pivot": [1.9, 31.4576, -12.42815],
					"cubes": [
						{"origin": [1.9, 30.5, -12.9], "size": [3, 2, 2], "inflate": 0.01, "uv": [85, 124]},
						{"origin": [2.4, 31, -12.91], "size": [1, 1, 0], "inflate": 0.01, "uv": [84, 124]}
					]
				},
				{
					"name": "eye_right_shocked",
					"parent": "eyes",
					"pivot": [-1.9, 31.4576, -12.42815],
					"cubes": [
						{"origin": [-4.9, 30.5, -12.9], "size": [3, 2, 2], "inflate": 0.01, "uv": [96, 124], "mirror": true},
						{"origin": [-3.4, 31, -12.91], "size": [1, 1, 0], "inflate": 0.01, "uv": [95, 124], "mirror": true}
					]
				},
				{
					"name": "eyelid_left_happy",
					"parent": "eyes",
					"pivot": [3.4, 31.5, -11.9],
					"cubes": [
						{"origin": [1.9, 30.5, -12.9], "size": [3, 2, 2], "inflate": 0.01, "uv": [107, 124]}
					]
				},
				{
					"name": "eyelid_right_happy",
					"parent": "eyes",
					"pivot": [-3.4, 31.5, -11.9],
					"cubes": [
						{"origin": [-4.9, 30.5, -12.9], "size": [3, 2, 2], "inflate": 0.01, "uv": [118, 124], "mirror": true}
					]
				},
				{
					"name": "eyelid_left_sad",
					"parent": "eyes",
					"pivot": [3.4, 31.5, -11.9],
					"cubes": [
						{"origin": [4.91, 31.5, -12.9], "size": [0, 1, 2], "inflate": 0.01, "uv": [129, 121]},
						{"origin": [3.9, 32, -12.91], "size": [1, 1, 0], "inflate": 0.01, "uv": [129, 125]}
					]
				},
				{
					"name": "eyelid_right_sad",
					"parent": "eyes",
					"pivot": [-3.4, 31.5, -11.9],
					"cubes": [
						{"origin": [-4.91, 31.5, -12.9], "size": [0, 1, 2], "inflate": 0.01, "uv": [129, 125], "mirror": true},
						{"origin": [-4.9, 32, -12.91], "size": [1, 1, 0], "inflate": 0.01, "uv": [132, 125], "mirror": true}
					]
				},
				{
					"name": "eyelid_left_angry",
					"parent": "eyes",
					"pivot": [3.5, 31.5, -11.9],
					"cubes": [
						{"origin": [3, 32, -12.91], "size": [1, 1, 0], "inflate": 0.02, "uv": [135, 124]},
						{"origin": [2, 31.5, -12.92], "size": [1, 1, 0], "inflate": 0.01, "uv": [135, 123]}
					]
				},
				{
					"name": "eyelid_right_angry",
					"parent": "eyes",
					"pivot": [-3.5, 31.5, -11.9],
					"cubes": [
						{"origin": [-4, 32, -12.91], "size": [1, 1, 0], "inflate": 0.02, "uv": [135, 127], "mirror": true},
						{"origin": [-3, 31.5, -12.92], "size": [1, 1, 0], "inflate": 0.01, "uv": [135, 126], "mirror": true}
					]
				},
				{
					"name": "eyelid_left_hurt",
					"parent": "eyes",
					"pivot": [3.4, 31.5, -11.9],
					"cubes": [
						{"origin": [1.9, 29.5, -12.9], "size": [3, 3, 2], "inflate": 0.01, "uv": [138, 123]}
					]
				},
				{
					"name": "eyelid_right_hurt",
					"parent": "eyes",
					"pivot": [-3.4, 31.5, -11.9],
					"cubes": [
						{"origin": [-4.9, 29.5, -12.9], "size": [3, 3, 2], "inflate": 0.01, "uv": [138, 117], "mirror": true}
					]
				},
				{
					"name": "jaw",
					"parent": "head",
					"pivot": [0, 27.2076, -12.52815],
					"rotation": [-17.5, 0, 0],
					"cubes": [
						{"origin": [-3.5, 25.25, -15], "size": [7, 2, 3], "inflate": 0.01, "uv": [122, 75]},
						{"origin": [-2.5, 25.25, -16], "size": [5, 2, 1], "inflate": 0.01, "uv": [0, 9]}
					]
				},
				{
					"name": "locator_jaw_lower",
					"parent": "jaw",
					"pivot": [0, 27.325, -15.3],
					"rotation": [90, 0, 0],
					"locators": {
						"jaw2": [0, 27.325, -15.3]
					}
				},
				{
					"name": "locator_item",
					"parent": "jaw",
					"pivot": [0, 27.35, -16],
					"locators": {
						"item": [0, 27.35, -16]
					}
				},
				{
					"name": "teeth2",
					"parent": "jaw",
					"pivot": [0, 27.3576, -11.02815]
				},
				{
					"name": "tooth_left",
					"parent": "teeth2",
					"pivot": [2.15, 27.2076, -15.17815],
					"rotation": [0, -12.5, 0],
					"cubes": [
						{"origin": [1.55, 26.7, -15.25], "size": [1, 1, 0], "pivot": [2.17268, 27.2076, -15.17723], "rotation": [-33.16757, -28.26351, 54.0759], "uv": [10, 4]}
					]
				},
				{
					"name": "tooth_right",
					"parent": "teeth2",
					"pivot": [-2.15, 27.2076, -15.17815],
					"rotation": [0, 12.5, 0],
					"cubes": [
						{"origin": [-2.55, 26.7, -15.25], "size": [1, 1, 0], "pivot": [-2.17268, 27.2076, -15.17723], "rotation": [-33.16757, 28.26351, -54.0759], "uv": [10, 3]}
					]
				},
				{
					"name": "tongue",
					"parent": "jaw",
					"pivot": [0, 27.27, -11],
					"cubes": [
						{"origin": [-1.5, 27.27, -14], "size": [3, 0, 3], "uv": [37, 118]}
					]
				},
				{
					"name": "tongue2",
					"parent": "tongue",
					"pivot": [0, 27.27, -14],
					"cubes": [
						{"origin": [-1.5, 27.27, -16], "size": [3, 0, 2], "uv": [38, 122]}
					]
				},
				{
					"name": "ears",
					"parent": "head",
					"pivot": [0, 0, 0]
				},
				{
					"name": "ear_left",
					"parent": "ears",
					"pivot": [5, 31, -9.25],
					"rotation": [7.5, -40, -15],
					"cubes": [
						{"origin": [4, 29, -9.25], "size": [9, 5, 0], "uv": [124, 46]}
					]
				},
				{
					"name": "ear_right",
					"parent": "ears",
					"pivot": [-5, 31, -9.25],
					"rotation": [7.5, 40, 15],
					"cubes": [
						{"origin": [-13, 29, -9.25], "size": [9, 5, 0], "uv": [123, 0]}
					]
				},
				{
					"name": "fluff",
					"parent": "head",
					"pivot": [0, 0, 0]
				},
				{
					"name": "bottom_fluff",
					"parent": "fluff",
					"pivot": [0, 0, 0]
				},
				{
					"name": "chin_fluff_left",
					"parent": "bottom_fluff",
					"pivot": [5, 25, -10.5],
					"rotation": [0, 0, -22.5],
					"cubes": [
						{"origin": [5, 21, -13], "size": [0, 4, 5], "uv": [0, 35]}
					]
				},
				{
					"name": "chin_fluff_right",
					"parent": "bottom_fluff",
					"pivot": [-5, 25, -11],
					"rotation": [0, 0, 22.5],
					"cubes": [
						{"origin": [-5, 21, -13], "size": [0, 4, 5], "uv": [0, 35], "mirror": true}
					]
				},
				{
					"name": "teeth",
					"parent": "head",
					"pivot": [0, 27.3576, -11.02815]
				},
				{
					"name": "left_tooth",
					"parent": "teeth",
					"pivot": [3.4, 27.2076, -15.92815],
					"rotation": [0, -12.5, 0],
					"cubes": [
						{"origin": [2.05, 26.7, -16], "size": [1, 1, 0], "pivot": [2.67268, 27.2076, -15.92723], "rotation": [-33.16757, -28.26351, 54.0759], "uv": [10, 7]}
					]
				},
				{
					"name": "right_tooth",
					"parent": "teeth",
					"pivot": [-3.4, 27.2076, -15.92815],
					"rotation": [0, 12.5, 0],
					"cubes": [
						{"origin": [-3.05, 26.7, -16], "size": [1, 1, 0], "pivot": [-2.67268, 27.2076, -15.92723], "rotation": [-33.16757, 28.26351, -54.0759], "uv": [10, 5]}
					]
				},
				{
					"name": "chest_fluff_right",
					"parent": "neck",
					"pivot": [0, 25.15, -10.5],
					"rotation": [-37.5, 0, 0]
				},
				{
					"name": "chest_fluff11",
					"parent": "chest_fluff_right",
					"pivot": [-4.25, 25.15, -10.5],
					"rotation": [10.04582, 65.48061, 54.29089],
					"cubes": [
						{"origin": [-7.29844, 17.55914, -11.1649], "size": [7, 8, 0], "uv": [76, 7], "mirror": true}
					]
				},
				{
					"name": "chest_fluff12",
					"parent": "chest_fluff11",
					"pivot": [-1.79844, 17.55914, -10.1649],
					"rotation": [22.5, 0, 0],
					"cubes": [
						{"origin": [-6.79844, 13.15914, -10.9649], "size": [6, 5, 0], "inflate": 0.01, "uv": [55, 0], "mirror": true}
					]
				},
				{
					"name": "chest_fluff13",
					"parent": "chest_fluff_right",
					"pivot": [-4.25, 26.15, -7.5],
					"rotation": [53.38345, 46.75573, 104.84539],
					"cubes": [
						{"origin": [-7.29844, 18.55914, -8.1649], "size": [7, 8, 0], "uv": [76, 7], "mirror": true}
					]
				},
				{
					"name": "chest_fluff14",
					"parent": "chest_fluff13",
					"pivot": [-1.79844, 18.55914, -7.1649],
					"rotation": [22.5, 0, 0],
					"cubes": [
						{"origin": [-6.79844, 14.15914, -7.9649], "size": [6, 5, 0], "inflate": 0.01, "uv": [55, 0], "mirror": true}
					]
				},
				{
					"name": "chest_fluff15",
					"parent": "chest_fluff_right",
					"pivot": [-3.25, 26.15, -5.5],
					"rotation": [71.40836, 27.53594, 141.21236],
					"cubes": [
						{"origin": [-6.29844, 18.55914, -6.1649], "size": [7, 8, 0], "uv": [76, 7], "mirror": true}
					]
				},
				{
					"name": "chest_fluff16",
					"parent": "chest_fluff15",
					"pivot": [-0.79844, 18.55914, -5.1649],
					"rotation": [22.5, 0, 0],
					"cubes": [
						{"origin": [-5.79844, 14.15914, -5.9649], "size": [6, 5, 0], "inflate": 0.01, "uv": [55, 0], "mirror": true}
					]
				},
				{
					"name": "chest_fluff17",
					"parent": "chest_fluff_right",
					"pivot": [-5.149, 25.12072, -4.6234],
					"rotation": [89.26874, 56.53855, 127.61394],
					"cubes": [
						{"origin": [-8.19744, 17.52986, -5.2883], "size": [7, 8, 0], "uv": [76, 7], "mirror": true}
					]
				},
				{
					"name": "chest_fluff18",
					"parent": "chest_fluff17",
					"pivot": [-2.69744, 17.52986, -4.2883],
					"rotation": [22.5, 0, 0],
					"cubes": [
						{"origin": [-7.69744, 13.12986, -5.0883], "size": [6, 5, 0], "inflate": 0.01, "uv": [55, 0], "mirror": true}
					]
				},
				{
					"name": "chest_fluff19",
					"parent": "chest_fluff_right",
					"pivot": [-5.25, 25.15, -5.5],
					"rotation": [16.94305, 82.03911, 45.10755],
					"cubes": [
						{"origin": [-8.29844, 17.55914, -6.1649], "size": [7, 8, 0], "uv": [76, 7], "mirror": true}
					]
				},
				{
					"name": "chest_fluff20",
					"parent": "chest_fluff19",
					"pivot": [-2.79844, 17.55914, -5.1649],
					"rotation": [22.5, 0, 0],
					"cubes": [
						{"origin": [-7.79844, 13.15914, -5.9649], "size": [6, 5, 0], "inflate": 0.01, "uv": [55, 0], "mirror": true}
					]
				},
				{
					"name": "chest_fluff_left",
					"parent": "neck",
					"pivot": [0, 25.15, -10.5],
					"rotation": [-37.5, 0, 0]
				},
				{
					"name": "chest_fluff5",
					"parent": "chest_fluff_left",
					"pivot": [4, 25.15, -10.5],
					"rotation": [10.04582, -65.48061, -54.29089],
					"cubes": [
						{"origin": [0.04844, 17.55914, -11.1649], "size": [7, 8, 0], "uv": [76, 7]}
					]
				},
				{
					"name": "chest_fluff6",
					"parent": "chest_fluff5",
					"pivot": [1.54844, 17.55914, -10.1649],
					"rotation": [22.5, 0, 0],
					"cubes": [
						{"origin": [0.54844, 13.15914, -10.9649], "size": [6, 5, 0], "inflate": 0.01, "uv": [55, 0]}
					]
				},
				{
					"name": "chest_fluff7",
					"parent": "chest_fluff_left",
					"pivot": [4, 26.15, -7.5],
					"rotation": [53.38345, -46.75573, -104.84539],
					"cubes": [
						{"origin": [0.04844, 18.55914, -8.1649], "size": [7, 8, 0], "uv": [76, 7]}
					]
				},
				{
					"name": "chest_fluff8",
					"parent": "chest_fluff7",
					"pivot": [1.54844, 18.55914, -7.1649],
					"rotation": [22.5, 0, 0],
					"cubes": [
						{"origin": [0.54844, 14.15914, -7.9649], "size": [6, 5, 0], "inflate": 0.01, "uv": [55, 0]}
					]
				},
				{
					"name": "chest_fluff9",
					"parent": "chest_fluff_left",
					"pivot": [3, 26.15, -5.5],
					"rotation": [71.40836, -27.53594, -141.21236],
					"cubes": [
						{"origin": [-0.95156, 18.55914, -6.1649], "size": [7, 8, 0], "uv": [76, 7]}
					]
				},
				{
					"name": "chest_fluff10",
					"parent": "chest_fluff9",
					"pivot": [0.54844, 18.55914, -5.1649],
					"rotation": [22.5, 0, 0],
					"cubes": [
						{"origin": [-0.45156, 14.15914, -5.9649], "size": [6, 5, 0], "inflate": 0.01, "uv": [55, 0]}
					]
				},
				{
					"name": "chest_fluff21",
					"parent": "chest_fluff_left",
					"pivot": [5, 25, -4.5],
					"rotation": [89.26874, -56.53855, -127.61394],
					"cubes": [
						{"origin": [1.14944, 17.52986, -5.2883], "size": [7, 8, 0], "uv": [76, 7]}
					]
				},
				{
					"name": "chest_fluff22",
					"parent": "chest_fluff21",
					"pivot": [2.64944, 17.52986, -4.2883],
					"rotation": [22.5, 0, 0],
					"cubes": [
						{"origin": [1.64944, 13.12986, -5.0883], "size": [6, 5, 0], "inflate": 0.01, "uv": [55, 0]}
					]
				},
				{
					"name": "chest_fluff23",
					"parent": "chest_fluff_left",
					"pivot": [5, 25.15, -5.5],
					"rotation": [16.94305, -82.03911, -45.10755],
					"cubes": [
						{"origin": [1.04844, 17.55914, -6.1649], "size": [7, 8, 0], "uv": [76, 7]}
					]
				},
				{
					"name": "chest_fluff24",
					"parent": "chest_fluff23",
					"pivot": [2.54844, 17.55914, -5.1649],
					"rotation": [22.5, 0, 0],
					"cubes": [
						{"origin": [1.54844, 13.15914, -5.9649], "size": [6, 5, 0], "inflate": 0.01, "uv": [55, 0]}
					]
				},
				{
					"name": "chest_fluff",
					"parent": "upper_torso",
					"pivot": [0, 21.9, -12.25],
					"rotation": [-7.5, 0, -15],
					"cubes": [
						{"origin": [-8.88018, 12.25008, -14.89358], "size": [7, 11, 0], "pivot": [-4.51764, 15.08468, -14.99784], "rotation": [0, 0, 22.5], "uv": [62, 5], "mirror": true},
						{"origin": [-1.5, 10.9, -14.75], "size": [7, 11, 0], "pivot": [0, 0, -0.25], "rotation": [0, 0, -2.5], "uv": [62, 5]}
					]
				},
				{
					"name": "chest_fluff4",
					"parent": "chest_fluff",
					"pivot": [-4, 11.9, -13.75],
					"rotation": [32.5, 0, 0],
					"cubes": [
						{"origin": [-9.57249, 8.31659, -14.31189], "size": [6, 5, 0], "inflate": 0.01, "pivot": [-6.81764, 11.60968, -14.74784], "rotation": [-0.63844, 11.98096, 18.92383], "uv": [67, 0], "mirror": true}
					]
				},
				{
					"name": "chest_fluff2",
					"parent": "chest_fluff",
					"pivot": [0, 10.9, -13.75],
					"rotation": [32.5, 0, 0],
					"cubes": [
						{"origin": [-1.9, 6.5, -14.55], "size": [6, 5, 0], "inflate": 0.01, "pivot": [1.1, 10, -14.75], "rotation": [0, 0, -2], "uv": [67, 0]}
					]
				},
				{
					"name": "tail",
					"parent": "torso",
					"pivot": [0, 19.15, 10.275],
					"rotation": [-55, 0, 0],
					"cubes": [
						{"origin": [-4, 16.9, 8.275], "size": [8, 4, 7], "inflate": 0.01, "uv": [13, 20]},
						{"origin": [-5, 20.9, 7.275], "size": [10, 9, 9], "inflate": 0.01, "uv": [43, 48]}
					]
				},
				{
					"name": "tail2",
					"parent": "tail",
					"pivot": [0, 30.5236, 6.71714],
					"rotation": [-10, 0, 0],
					"cubes": [
						{"origin": [-1.9, 27.5236, 5.71714], "size": [9, 12, 11], "pivot": [2, 35.0236, 11.21714], "rotation": [0, -7.5, 0], "uv": [4, 1]},
						{"origin": [6.11, 27.5136, 5.7071], "size": [1, 12, 11], "pivot": [2, 35.0236, 11.21714], "rotation": [0, -7.5, 0], "uv": [22, 89]},
						{"origin": [-6.48106, 28.60943, 7.74349], "size": [6, 10, 10], "pivot": [-3.5, 33.5236, 12.41714], "rotation": [-10.9643, 8.92984, -6.73586], "uv": [2, 2]},
						{"origin": [1.60405, 22.66461, -24.04393], "size": [4, 6, 8], "inflate": 0.01, "pivot": [1.8, 25.29524, 0.63248], "rotation": [117.5, 0, -180], "uv": [22, 14]},
						{"origin": [0.60405, 9.77534, -14.68791], "size": [6, 8, 13], "inflate": 0.01, "pivot": [1.8, 24.99524, 0.93248], "rotation": [80, 0, -180], "uv": [8, 10]},
						{"origin": [65.80405, 56.2589, 26.15129], "size": [3, 3, 5], "inflate": 0.01, "pivot": [33.5, 45.99524, 24.83248], "rotation": [122.5, 0, -180], "uv": [28, 16]}
					]
				},
				{
					"name": "locator_tail",
					"parent": "tail2",
					"pivot": [0, 32.4, 11.525],
					"locators": {
						"tail": [0, 32.4, 11.525]
					}
				},
				{
					"name": "tail4",
					"parent": "tail2",
					"pivot": [0.5, 45.99524, 24.83248]
				},
				{
					"name": "locator_tail_tip",
					"parent": "tail4",
					"pivot": [0, 51.4, 14.525],
					"locators": {
						"tail_tip": [0, 51.4, 14.525]
					}
				},
				{
					"name": "leg_front_left",
					"parent": "waist",
					"pivot": [6, 15.5, -9],
					"cubes": [
						{"origin": [3, 9.5, -11.5], "size": [5, 8, 5], "inflate": 0.01, "uv": [109, 47]}
					]
				},
				{
					"name": "leg_front_left2",
					"parent": "leg_front_left",
					"pivot": [5.5, 9.5, -6.5],
					"cubes": [
						{"origin": [3, 1.5, -11.5], "size": [5, 8, 5], "uv": [108, 0]}
					]
				},
				{
					"name": "leg_fluff_left",
					"parent": "leg_front_left2",
					"pivot": [7.5, 4.25, -9.1],
					"rotation": [27.4063, 35.03991, 12.46367],
					"cubes": [
						{"origin": [6.5, 1.75, -10.35], "size": [2, 3, 6], "uv": [120, 22]}
					]
				},
				{
					"name": "left_elbow_fluff2",
					"parent": "leg_fluff_left",
					"pivot": [7.5, 4.25, -6.35],
					"cubes": [
						{"origin": [7.5, 1.25, -8.35], "size": [0, 4, 8], "uv": [0, 66]}
					]
				},
				{
					"name": "leg_fluff_left4",
					"parent": "leg_fluff_left",
					"pivot": [6.5, 4.25, -7.35],
					"rotation": [0, -22.5, 0],
					"cubes": [
						{"origin": [6.5, 2.75, -7.35], "size": [0, 1, 3], "uv": [36, 1]}
					]
				},
				{
					"name": "foot_front_left",
					"parent": "leg_front_left2",
					"pivot": [5.5, 2, -9],
					"cubes": [
						{"origin": [3, 0, -13], "size": [5, 3, 6], "inflate": 0.02, "uv": [113, 98]}
					]
				},
				{
					"name": "locator_foot_primary2",
					"parent": "foot_front_left",
					"pivot": [0, 21, 1],
					"locators": {
						"foot_primary2": [5.5, 1.5, -10]
					}
				},
				{
					"name": "leg_front_right",
					"parent": "waist",
					"pivot": [-6, 15.5, -9],
					"cubes": [
						{"origin": [-8, 9.5, -11.5], "size": [5, 8, 5], "inflate": 0.01, "uv": [98, 104]}
					]
				},
				{
					"name": "leg_front_right2",
					"parent": "leg_front_right",
					"pivot": [-5.5, 9.5, -6.5],
					"cubes": [
						{"origin": [-8, 1.5, -11.5], "size": [5, 8, 5], "uv": [78, 104]}
					]
				},
				{
					"name": "leg_fluff_right",
					"parent": "leg_front_right2",
					"pivot": [-7.5, 4.25, -9.1],
					"rotation": [27.4063, -35.03991, -12.46367],
					"cubes": [
						{"origin": [-8.5, 1.75, -10.35], "size": [2, 3, 6], "uv": [120, 22], "mirror": true}
					]
				},
				{
					"name": "right_elbow_fluff2",
					"parent": "leg_fluff_right",
					"pivot": [-7.5, 4.25, -6.35],
					"cubes": [
						{"origin": [-7.5, 1.25, -8.35], "size": [0, 4, 8], "uv": [0, 66], "mirror": true}
					]
				},
				{
					"name": "right_elbow_fluff4",
					"parent": "leg_fluff_right",
					"pivot": [-6.5, 4.25, -7.35],
					"rotation": [0, 22.5, 0],
					"cubes": [
						{"origin": [-6.5, 2.75, -7.35], "size": [0, 1, 3], "uv": [36, 1], "mirror": true}
					]
				},
				{
					"name": "foot_front_right",
					"parent": "leg_front_right2",
					"pivot": [-5.5, 2, -9],
					"cubes": [
						{"origin": [-8, 0, -13], "size": [5, 3, 6], "inflate": 0.02, "uv": [112, 37]}
					]
				},
				{
					"name": "locator_foot_primary1",
					"parent": "foot_front_right",
					"pivot": [0, 21, 1],
					"locators": {
						"foot_primary1": [-5.5, 1.5, -10]
					}
				},
				{
					"name": "leg_back_left",
					"parent": "body",
					"pivot": [5.5, 15.75, 6.75],
					"cubes": [
						{"origin": [2, 8.75, 2.75], "size": [6, 10, 9], "uv": [82, 33]}
					]
				},
				{
					"name": "leg_back_left2",
					"parent": "leg_back_left",
					"pivot": [5, 8.75, 2.75],
					"rotation": [50, 0, 0],
					"cubes": [
						{"origin": [2.5, 0.75, 2.75], "size": [5, 8, 6], "inflate": 0.01, "uv": [100, 67]}
					]
				},
				{
					"name": "leg_back_left3",
					"parent": "leg_back_left2",
					"pivot": [5, 0.75, 8.75],
					"rotation": [-50, 0, 0],
					"cubes": [
						{"origin": [2.5, -6.25, 3.75], "size": [5, 7, 5], "uv": [17, 112]}
					]
				},
				{
					"name": "foot_back_left",
					"parent": "leg_back_left3",
					"pivot": [5, -6, 6.25],
					"cubes": [
						{"origin": [2.5, -7.5, 1.25], "size": [5, 3, 7], "inflate": 0.02, "uv": [103, 27]}
					]
				},
				{
					"name": "locator_foot_secondary2",
					"parent": "foot_back_left",
					"pivot": [0, 21, 1],
					"locators": {
						"foot_secondary2": [5, -6, 4.75]
					}
				},
				{
					"name": "leg_fluff_back_left",
					"parent": "leg_back_left3",
					"pivot": [5, -3.75, 5.65],
					"cubes": [
						{"origin": [2, -5.25, 2.9], "size": [6, 3, 3], "uv": [143, 0]},
						{"origin": [2, -5.25, 5.4], "size": [6, 5, 4], "inflate": 0.01, "uv": [116, 13]}
					]
				},
				{
					"name": "leg_fluff_back_left2",
					"parent": "leg_fluff_back_left",
					"pivot": [5, -5.25, 9.675],
					"rotation": [27.5, 5, 2.5],
					"cubes": [
						{"origin": [4, -5.25, 9.675], "size": [4, 5, 4], "uv": [38, 2]},
						{"origin": [4, -5.35, 11.325], "size": [4, 5, 5], "inflate": 0.01, "pivot": [5.5, -2.35, 12.575], "rotation": [-60, 0, 0], "uv": [113, 112], "mirror": true}
					]
				},
				{
					"name": "leg_back_right",
					"parent": "body",
					"pivot": [-5.5, 15.75, 6.75],
					"cubes": [
						{"origin": [-8, 8.75, 2.75], "size": [6, 10, 9], "uv": [0, 81]}
					]
				},
				{
					"name": "leg_back_right2",
					"parent": "leg_back_right",
					"pivot": [-5, 8.75, 2.75],
					"rotation": [50, 0, 0],
					"cubes": [
						{"origin": [-7.5, 0.75, 2.75], "size": [5, 8, 6], "inflate": 0.01, "uv": [0, 100]}
					]
				},
				{
					"name": "leg_back_right3",
					"parent": "leg_back_right2",
					"pivot": [-5, 0.75, 8.75],
					"rotation": [-50, 0, 0],
					"cubes": [
						{"origin": [-7.5, -6.25, 3.75], "size": [5, 7, 5], "uv": [49, 111]}
					]
				},
				{
					"name": "foot_back_right",
					"parent": "leg_back_right3",
					"pivot": [-5, -6, 6.25],
					"cubes": [
						{"origin": [-7.5, -7.5, 1.25], "size": [5, 3, 7], "inflate": 0.02, "uv": [54, 101]}
					]
				},
				{
					"name": "locator_foot_secondary1",
					"parent": "foot_back_right",
					"pivot": [0, 0, 0],
					"locators": {
						"foot_secondary1": [-5, -6, 4.75]
					}
				},
				{
					"name": "leg_fluff_back_right",
					"parent": "leg_back_right3",
					"pivot": [-5, -3.75, 5.65],
					"cubes": [
						{"origin": [-8, -5.25, 2.9], "size": [6, 3, 3], "uv": [128, 6]},
						{"origin": [-8, -5.25, 5.4], "size": [6, 5, 4], "inflate": 0.01, "uv": [114, 89], "mirror": true}
					]
				},
				{
					"name": "leg_fluff_back_right2",
					"parent": "leg_fluff_back_right",
					"pivot": [-6, -5.25, 9.675],
					"rotation": [27.5, -5, -2.5],
					"cubes": [
						{"origin": [-8, -5.35, 11.325], "size": [4, 5, 5], "inflate": 0.01, "pivot": [-6.5, -2.35, 12.575], "rotation": [-60, 0, 0], "uv": [113, 112]},
						{"origin": [-8, -5.25, 9.675], "size": [4, 5, 4], "uv": [38, 2], "mirror": true}
					]
				}
			]
		}
	]
}